iter	AUC	Logloss
0	0.8544618487	0.413482697
1	0.8548007607	0.4132019807
2	0.8548308015	0.4132060676
